labels,lepton_pT,lepton_eta,lepton_phi,missing_energy_magnitude,missing_energy_phi,jet_1_pt,jet_1_eta,jet_1_phi,jet_1_b-tag,jet_2_pt,jet_2_eta,jet_2_phi,jet_2_b-tag,jet_3_pt,jet_3_eta,jet_3_phi,jet_3_b-tag,jet_4_pt,jet_4_eta,jet_4_phi,jet_4_b-tag,m_jj,m_jjj,m_lv,m_jlv,m_bb,m_wbb,m_wwbb
0.0,1.6569643020629883,0.6476351022720337,0.4792618751525879,2.0367515087127686,0.057883001863956465,1.0372685194015503,-0.34957659244537354,-1.4540709257125852,2.1730761528015137,0.5442808270454407,0.934521734714508,1.702672243118286,0.0,0.555665910243988,0.7975507378578186,-1.0996851921081543,2.548224449157715,1.0834051370620728,-0.6300750970840454,-1.2421602010726929,0.0,0.8735405206680297,0.8650091886520385,0.9882764220237734,0.8728127479553222,0.6863176226615905,1.2021913528442385,0.9895206093788148
0.0,1.8694379329681403,-0.43444424867630005,-0.4174966216087341,0.34075164794921875,-0.2026294320821762,0.8686196208000182,-0.09904843568801883,0.7435781359672545,2.1730761528015137,1.2381349802017214,-1.1471319198608398,-1.6558181047439577,2.2148721218109126,0.3658192455768585,-1.7984784841537473,0.5807133913040161,0.0,0.370709091424942,-1.813516855239868,-0.729421317577362,0.0,0.3779133856296539,0.87614506483078,1.0020360946655271,1.339815616607666,1.533538341522217,1.1283290386199951,0.910216987133026
1.0,1.3193124532699585,-0.8181878924369811,-1.6748151779174805,0.4587260782718657,1.657070159912109,0.9028807282447816,0.16237227618694305,-0.1834399253129959,1.0865380764007568,1.0671581029891968,-0.9907407760620116,-0.2254640460014343,2.2148721218109126,1.0126326084136963,-0.2483250051736832,1.249724268913269,0.0,0.39407619833946234,-0.8799220919609069,1.5125287771224976,0.0,0.324292778968811,0.9951790571212766,0.997378706932068,1.125627517700195,0.9074957966804504,0.9765112996101378,0.8224979043006898
0.0,0.4405028820037842,-1.508731722831726,1.6167275905609129,0.8516557812690737,-0.27394822239875793,1.425774693489075,-0.9595581889152528,-0.8403775095939635,2.1730761528015137,0.891270875930786,0.3419837951660156,0.682895004749298,2.2148721218109126,1.2541120052337646,-0.2273892760276794,1.1626307964324951,0.0,1.0573606491088867,-1.1938964128494263,1.1351886987686155,0.0,0.7972962856292723,0.8794229626655578,0.9866478443145752,1.1930139064788818,2.0075204372406006,1.3510019779205322,1.190955877304077
1.0,0.524504065513611,0.4674508273601532,1.365930199623108,0.9294829964637757,0.23865999281406405,1.21819269657135,0.7367056608200074,-1.7124098539352417,0.0,0.816358208656311,1.2939300537109375,-0.25098621845245356,0.0,1.327170491218567,-0.43765673041343683,0.27006164193153376,2.548224449157715,1.1666505336761475,-0.8907487988471985,-0.936403512954712,3.1019613742828365,2.145474433898926,1.8114426136016843,0.9877949953079224,0.6218115091323853,0.8885652422904968,1.3269779682159424,1.0790892839431763
0.0,0.5265171527862548,-0.9418819546699526,-0.17779654264450073,0.7315270304679871,0.9569361209869384,0.9179959297180176,-0.7397271394729614,-1.0399526357650755,2.1730761528015137,0.4522453546524048,-1.0441664457321167,0.96030992269516,0.0,1.049161911010742,0.36609286069870006,0.9396271109580993,2.548224449157715,0.6810532212257385,0.1444505453109741,-0.657837688922882,0.0,0.8645811676979066,0.8549917936325074,0.988004982471466,0.6305153369903564,1.4062788486480713,0.8183910846710205,0.692476749420166
1.0,1.2448277473449707,-0.04388275370001792,-0.3320479989051819,0.892514169216156,-0.8999074697494505,1.0496355295181274,-1.0377863645553589,0.9719808101654054,2.1730761528015137,0.7906739711761473,-0.5711074471473693,0.19298027455806727,2.2148721218109126,0.3812738955020905,-1.9377464056015012,1.3079714775085447,0.0,0.8283144831657409,-1.661110281944275,-1.4136279821395874,0.0,0.39628827571868896,0.8333097696304321,0.9883697628974915,1.3071826696395874,0.92071396112442,0.9070985317230223,0.8214616179466246
1.0,1.8970723152160645,1.8836015462875368,0.07920688390731812,0.7289621233940125,0.4118877947330474,2.0669336318969727,-0.6367433071136475,-0.9662207365036009,1.0865380764007568,1.8157802820205693,1.8835538625717168,1.0707210302352903,0.0,1.308905839920044,2.143808603286743,1.7384458780288696,0.0,0.8541156649589537,0.8157060742378234,1.0058941841125488,3.1019613742828365,1.4276630878448486,0.9718998074531556,0.9890612363815308,4.267251014709473,1.872201919555664,2.8342206478118896,2.5627074241638184
1.0,3.0368528366088867,-0.3565267324447632,-1.666492223739624,0.4010367691516876,1.148512840270996,2.191611051559448,0.526776909828186,-0.14019864797592163,0.0,1.283082604408264,-0.9159451127052308,1.359787344932556,2.2148721218109126,0.879862904548645,0.19860710203647614,-0.5993139743804932,0.0,0.5131022930145263,-1.8010246753692627,1.0014548301696775,0.0,1.078779697418213,0.6151208281517029,0.9919033646583554,0.8484226465225219,0.7668157815933228,1.3476320505142214,1.360778570175171
0.0,0.4011559188365936,-0.12374819070100786,-0.019661132246255875,1.307880520820618,0.7126947641372681,1.2372471094131468,-1.2784122228622437,-0.026551812887191766,2.1730761528015137,1.1036701202392578,-1.2209563255310056,-1.3645325899124143,2.2148721218109126,0.7776512503623962,-0.8718453645706176,0.7937317490577697,0.0,1.4570351839065552,0.2427237033843994,-1.3753390312194824,0.0,0.8484253287315368,1.177806377410889,0.9903299808502194,1.035792350769043,1.6064951419830324,0.9551464915275572,0.8399741053581236
0.0,1.0169814825057983,2.29656434059143,1.1256753206253054,0.5212016105651857,-0.23251594603061676,0.7869060039520261,-0.7902289032936096,1.6582974195480347,0.0,1.0589743852615359,-0.2505541145801545,-0.20549018681049344,2.2148721218109126,2.357892036437988,1.9763228893280027,-1.3249077796936035,0.0,2.043646335601806,0.6166613698005676,0.09472851455211641,1.5509806871414182,0.9418095350265504,1.1304966211318968,0.9878097176551816,1.1649200916290283,0.7763592600822449,1.288195252418518,1.4058690071105957
1.0,0.2884223461151123,-1.7609896659851074,-0.0745929032564163,1.5098514556884763,-1.4643149375915525,0.6287919282913208,-1.3724840879440308,1.1443915367126465,2.1730761528015137,0.4778037965297699,-0.5584795475006104,0.8171638250350952,2.2148721218109126,0.7850273847579955,-0.6497446298599244,0.08256110548973082,0.0,0.7930205464363098,-0.1653597056865692,-0.13066844642162326,0.0,0.9921016097068786,0.8810368776321411,0.988100826740265,1.0714887380599976,0.41022586822509766,0.8225432634353637,0.770354926586151
0.0,1.0530343055725095,-1.7785210609436033,-0.005789821036159992,0.7869073152542113,-1.043665051460266,0.7570420503616333,-0.9456949830055236,-0.42514809966087347,0.0,1.3651716709136963,0.860697329044342,1.3481358289718628,0.0,1.0763832330703735,-1.3533669710159297,-0.9671034812927246,0.0,1.0081924200057983,-1.3629595041275024,0.5786118507385253,0.0,0.878094971179962,0.904210329055786,1.0142740011215208,0.7272047400474547,0.3630828559398651,0.6400272250175476,0.6229983568191528
1.0,0.5980737209320068,1.1852658987045288,1.2799267768859863,1.0876287221908567,0.637757897377014,0.5250925421714783,0.3247699737548828,-0.0697929784655571,0.0,1.5138636827468872,0.11079686880111694,-1.2269346714019775,2.2148721218109126,0.6603361964225769,1.9572077989578245,0.1008673682808876,0.0,0.9609714150428772,-0.7749862670898438,1.4431648254394531,1.5509806871414182,1.066856622695923,1.1761145591735838,0.9803090691566466,1.7696826457977293,0.9422122836112976,1.3919947147369385,1.1341065168380735
0.0,0.4412349462509155,-1.3090680837631223,-1.3962748050689695,0.7692552208900452,0.8792297840118408,1.2402701377868652,-0.19014959037303922,0.18698537349700928,0.0,0.6862999200820923,0.6780790686607361,1.379206299781799,2.2148721218109126,1.5651373863220215,-0.24104300141334534,-1.2294933795928957,0.0,0.833182692527771,-0.54929119348526,-1.0462762117385864,3.1019613742828365,2.3996145725250244,1.3747919797897339,0.9920507073402406,0.6974816918373108,0.7488721013069152,1.0031408071517944,0.8412724137306213
0.0,0.8001157641410828,-0.43444424867630005,-1.36520254611969,1.79317831993103,-1.603199601173401,1.1891533136367796,-0.24560245871543884,0.3677117228507996,2.1730761528015137,0.3670086860656738,-1.3190650939941406,0.5780321955680847,0.0,0.6281975507736206,1.0597023963928223,-0.7701724767684937,0.0,1.0444600582122803,-0.4926592111587524,-0.29048311710357666,3.1019613742828365,0.4913783967494964,0.8919390439987182,0.9806811809539796,0.8991289734840394,0.6904339790344238,1.1028594970703125,0.8668961524963379
0.0,0.4890002906322479,-0.6438475251197815,1.6117337942123413,0.9947330951690672,-0.06576504558324814,1.330503225326538,0.4643923938274384,1.367804765701294,0.0,0.5192260742187501,0.904409110546112,-1.0160993337631223,2.2148721218109126,1.1230984926223755,-0.20918430387973785,-0.1594061106443405,0.0,1.3039320707321167,-0.829952597618103,-0.4070152044296265,1.5509806871414182,0.8855217695236206,0.7931012511253358,0.9878834486007688,0.5882770419120787,0.9179802536964417,0.6747826933860778,0.644013524055481
0.0,1.5200735330581663,-0.4811947345733642,-1.6714860200881958,0.7799667716026305,0.24358457326889044,0.5988364219665527,1.0189212560653687,0.7535569071769714,0.0,0.8863606452941895,-0.049479782581329346,-0.6482471823692321,2.2148721218109126,0.8482510447502136,0.41433605551719677,1.6996145248413084,0.0,1.2683947086334229,-0.007123276125639678,0.14245095849037168,3.1019613742828365,1.034010171890259,0.9027856588363647,1.4902414083480835,0.9990100860595704,0.6260662078857422,0.7645133733749389,0.8246917724609375
0.0,0.9928243160247802,0.7625634074211121,-0.9018933176994324,0.9777131676673888,0.1287328004837036,0.7600650787353516,0.5564837455749511,-1.6863542795181274,2.1730761528015137,0.7749360203742981,-0.045594286173582084,-0.28649589419364924,1.1074360609054563,0.928510010242462,-0.4749769270420074,0.5845965147018433,0.0,1.0164681673049927,-0.19117721915245056,1.5591415166854858,0.0,0.83937931060791,0.9291479587554932,1.0936866998672483,0.6989110708236695,1.1312252283096311,0.7642456889152527,0.7715808749198912
0.0,1.1524082422256468,0.5385505557060241,0.6767925024032593,0.8775987625122071,0.77947860956192,1.3179529905319214,-0.030722562223672863,-1.1408489942550657,2.1730761528015137,0.9685755968093872,0.6741936206817627,0.28730136156082153,2.2148721218109126,0.3698585331439972,1.0988430976867676,-0.6043066382408142,0.0,0.3789849281311035,0.6141628623008728,-0.20225208997726438,0.0,0.1761818528175354,0.6711678504943848,0.981822192668915,0.7494022846221924,1.7108974456787107,1.1135047674179075,0.8293374776840211
1.0,0.5303603410720826,2.0520982742309566,1.0607565641403198,1.13074791431427,-0.19060301780700686,1.2143452167510986,0.5218257308006287,1.71484375,2.1730761528015137,0.7700257897377014,1.2142773866653442,-0.7364650964736937,0.0,0.7017828226089478,0.7620511054992676,0.5357798337936401,2.548224449157715,0.762107789516449,0.5233851671218872,0.039792228490114205,0.0,0.7158419489860535,1.1912852525711057,0.987796187400818,0.6440192461013793,1.0213160514831543,0.930902421474457,0.8162879943847656
0.0,0.7007418274879456,-0.5649560093879699,0.7877647876739502,0.8742212653160095,-1.0012459754943848,0.8518555164337158,-1.5140869617462156,-1.5998716354370115,2.1730761528015137,0.592627763748169,-0.7954947352409362,-0.03293827921152115,2.2148721218109126,0.7223305702209472,-0.13090291619300842,0.8919199109077453,0.0,1.1199162006378174,-1.8393344879150393,-0.07961653918027879,0.0,1.4352005720138548,0.8959794044494629,1.0834704637527464,0.896004021167755,1.0998033285140991,0.8501275181770322,0.7630481123924255
0.0,0.8961955308914183,-0.7957866191864013,0.38049659132957453,1.6863499879837036,1.3691387176513674,0.9987934827804564,0.757500410079956,-0.4722694754600525,0.0,1.7924879789352417,-0.2573537230491639,-1.4754985570907593,2.2148721218109126,0.9636342525482176,0.2277350574731827,0.770987629890442,2.548224449157715,1.4721264839172363,0.13445666432380676,-0.071293406188488,0.0,0.8668618202209472,1.0127149820327759,1.3248378038406372,1.2774699926376345,1.306885600090027,1.150844931602478,1.1776875257492065
0.0,0.37846282124519354,-0.3545787930488586,-0.39197298884391774,1.4114222526550293,1.3396179676055908,1.1815497875213623,-1.5388426780700684,-0.0858704149723053,0.0,1.0548194646835327,0.44786351919174194,1.2144218683242798,2.2148721218109126,1.0449469089508057,-1.2441370487213137,-0.8700248599052429,0.0,1.0091660022735596,-2.13665223121643,0.002613115357235074,0.0,0.8902791142463683,1.008190393447876,1.0124869346618652,0.7244998812675475,0.8696189522743226,1.3898650407791133,1.156351685523987
1.0,0.7873051166534423,-1.3158859014511106,0.1213763430714607,0.7333136796951295,1.0038174390792847,0.878513216972351,0.3049653768539429,-1.2140264511108398,2.1730761528015137,0.28441599011421204,-1.3472348451614382,-0.25431519746780396,0.0,0.5995712280273438,-0.4758871495723724,0.7654402256011962,0.0,0.3967536389827728,-0.23531684279441836,-1.6416966915130617,3.1019613742828365,0.5772263407707214,0.9695512652397156,0.9872643947601318,0.5484722256660461,0.3000045716762543,0.7045947909355164,0.6127742528915405
1.0,0.9355424642562864,0.1158481314778328,0.8443606495857239,1.36019766330719,1.3927986621856687,0.489457368850708,-0.43869727849960327,1.7281488180160522,0.0,1.3733553886413574,-0.4739700853824616,-0.0884210988879204,2.2148721218109126,0.7537667751312256,-0.1500181406736374,-0.9310457110404968,1.2741122245788574,0.4848670363426208,-1.309658885002136,0.07308694720268248,0.0,0.8640429973602296,0.9949229955673214,0.9915496706962584,0.836332619190216,0.7648508548736573,0.8598685264587402,0.7429245114326477
1.0,0.5413408875465392,-1.2564737796783447,-1.3529955148696897,0.8899938464164733,0.1394605040550232,1.3338927030563354,-0.4228535890579225,0.346091091632843,2.1730761528015137,1.3622758388519287,-0.6565883159637452,-1.4799370765686035,0.0,0.6060692071914673,-1.397969126701355,-1.6821572780609129,2.548224449157715,0.518944025039673,0.18942300975322723,-1.4175124168395996,0.0,0.5152587294578553,0.5154598951339722,0.9881720542907716,0.8647903203964235,1.2649713754653928,0.9938429594039918,0.8288369178771972
1.0,1.5502699613571165,1.0138473510742188,-1.6259872913360593,0.19307701289653775,-1.0485212802886963,1.31410551071167,0.11583145707845688,0.13598282635211945,1.0865380764007568,0.927908718585968,0.3750105202198029,-1.156471371650696,1.1074360609054563,0.4769875407218932,-0.04716004058718681,1.1781632900238035,0.0,0.41866031289100647,-2.0766890048980713,0.9071197509765624,0.0,0.7722335457801818,1.0513819456100464,0.9896913170814512,1.3878580331802368,1.5088796615600584,1.0249429941177368,0.9905784130096436
0.0,1.2620307207107546,1.91282057762146,1.6921887397766113,0.6219156384468079,-1.4808597564697263,0.6658012270927429,-0.9971868991851806,-0.5493276119232178,2.1730761528015137,0.42958271503448486,-2.0835361480712886,0.024866828694939613,0.0,0.8380650281906127,0.5217454433441161,1.163740158081055,2.548224449157715,1.1389020681381223,-1.274680256843567,1.011443257331848,0.0,0.7624577283859252,0.874058127403259,1.0023812055587769,0.7274301648139954,1.2361648082733154,1.1990981101989744,1.403313398361206
0.0,0.5781257152557373,0.3564184010028839,-1.0356149673461914,0.9526824951171874,-0.06213752925395966,1.1156842708587646,-0.8892518877983092,0.7347081899642944,0.0,1.2788017988204956,0.6197966933250427,-1.2763144969940183,2.2148721218109126,0.6650779843330383,-1.3915973901748655,-1.5878522396087644,0.0,0.550586998462677,0.05617129430174829,-0.058529868721961975,1.5509806871414182,1.430593729019165,0.9516480565071106,0.9838228821754456,0.8720033168792723,0.708892822265625,1.139750599861145,1.113666296005249
1.0,1.1180025339126587,0.09052494168281555,-0.9457273483276368,0.7349440455436705,-1.5662472248077393,0.5926986932754515,-1.1536432504653928,-0.31039187312126154,2.1730761528015137,1.0723201036453247,-0.6672734022140503,0.6679145693778993,2.2148721218109126,0.691948115825653,-0.5414251089096069,0.4642190337181091,0.0,0.7725743055343629,-0.568446159362793,-1.467454433441162,0.0,0.7956919074058532,0.715861976146698,0.988327980041504,1.2502316236495972,0.9484856128692628,1.0259720087051392,0.8252255320549011
1.0,0.3039781153202057,1.7530896663665771,-1.3352400064468382,2.0361845493316646,-0.09349090605974196,3.346869707107544,-1.829970359802246,1.243070363998413,0.0,1.4647612571716306,0.4284360706806183,-0.28982433676719666,1.1074360609054563,0.9922605752944944,-0.13727465271949768,-1.1174367666244507,0.0,3.209079742431641,0.03784918040037156,-0.6389706730842591,3.1019613742828365,0.7376856803894043,0.8628053069114685,0.9869290590286256,1.4319918155670168,0.7201460599899292,1.022016167640686,0.8906174302101134
1.0,0.7496052384376525,-0.5717738270759584,0.6706889867782593,1.3810622692108154,-1.5758709907531738,0.9038884043693542,0.2980337738990784,-0.4933357238769531,0.0,1.3274005651474,-1.0888495445251467,1.1922286748886108,2.2148721218109126,1.0751538276672363,-0.8800376057624817,-0.7263483405113219,2.548224449157715,0.5739540457725524,-1.1322674751281738,-0.8481724858283995,0.0,0.9388527274131776,0.9579088687896729,1.2676767110824585,0.8897951245307922,1.2574497461318968,1.10525381565094,0.972498059272766
1.0,0.7203238010406495,-0.5941751003265381,-0.5329077839851379,1.349278211593628,-1.014604926109314,0.6893442869186401,-0.2357001602649689,-1.123663306236267,2.1730761528015137,1.170776605606079,0.015602251514792444,1.2338409423828125,0.0,2.2728912830352783,-0.26926073431968683,-0.38074547052383423,2.548224449157715,2.08624267578125,-0.2844534218311309,0.6735018491744996,0.0,1.0509859323501587,1.3050378561019895,0.982162356376648,0.8246728777885437,0.9694229364395138,1.1446820497512815,1.0070672035217283
1.0,1.0248509645462036,0.2755790054798127,-1.2348101139068606,1.0376255512237549,-1.3543183803558347,0.8562526702880859,-0.8258771896362304,0.9725351929664612,1.0865380764007568,1.0971230268478391,0.2914723753929138,0.39327383041381836,2.2148721218109126,1.0479325056076048,-0.7935639023780823,-0.8705795407295227,0.0,0.6163069009780884,-0.5801056623458862,0.4581959247589111,0.0,0.8290892243385316,0.9536292552947998,0.9923430681228635,1.224273920059204,1.111014723777771,1.024482011795044,0.8698505759239196
1.0,0.6879311800003052,-1.1892699003219604,-0.23106324672698975,1.2246793508529663,-0.2722188234329225,1.1417007446289062,0.3336820602416992,1.653308153152466,2.1730761528015137,0.616927146911621,0.5158597230911254,-0.039596240967512124,0.0,0.4643428325653076,1.5248394012451172,0.85308837890625,0.0,0.5965909361839296,1.196306228637695,1.3388413190841675,3.1019613742828365,0.7716497182846068,1.1376423835754395,0.9889261722564696,1.8386828899383547,0.5610158443450928,1.7835284471511839,1.5829455852508545
1.0,0.3984107971191406,-0.35750070214271545,1.4796767234802248,0.80489444732666,0.6720128655433655,0.6365785598754883,0.907025158405304,-1.0382895469665527,2.1730761528015137,0.5544790029525757,-1.1869583129882815,0.6989850401878356,2.2148721218109126,0.37793713808059687,2.476959705352783,0.11584522575139998,0.0,0.6513575315475464,1.925859451293945,-1.1117557287216187,0.0,0.5020630955696106,0.7260740399360655,0.9916687607765196,0.9755983948707582,1.4230444431304932,1.113570213317871,0.9276716709136962
0.0,0.5548835396766661,1.22422456741333,1.360936403274536,1.8036578893661497,-0.22634372115135196,0.9250497221946716,-0.1406380981206894,-1.3359891176223755,2.1730761528015137,0.7666264176368714,-0.27095299959182734,1.2665759325027466,0.0,0.5856971144676208,1.8133882284164429,1.3140734434127808,0.0,0.8772394061088562,-0.6134185791015625,0.4332248568534851,0.0,0.7696574926376343,1.0123865604400635,1.3721363544464111,0.9827294945716856,1.197023868560791,1.0564831495285032,0.9994025230407718
1.0,0.5914853811264038,1.9137945175170896,-1.4090365171432495,1.2437057495117185,-0.711721658706665,0.675969660282135,-0.9803530573844907,0.9143258333206176,2.1730761528015137,0.6388343572616577,0.82184237241745,-0.020177308470010757,1.1074360609054563,0.6710491180419922,-0.29929894208908087,-1.0985757112503052,0.0,0.8292881250381468,0.16443830728530884,1.318309664726257,0.0,0.7103046178817748,0.8068917989730835,0.9875100255012512,0.7180604338645935,1.247739553451538,1.1042068004608154,0.8881244659423827
0.0,1.5363613367080688,0.21032311022281647,-1.0500413179397583,0.3370391130447388,-0.29748103022575373,0.8677951693534851,1.1070517301559448,-1.071552038192749,2.1730761528015137,1.3348288536071777,0.4760333597660065,1.152835726737976,0.0,0.4622353613376618,-0.7289363145828247,0.8231327533721923,0.0,1.6240125894546509,0.6807886958122253,0.4637450277805329,3.1019613742828365,0.9043471217155457,0.8446571826934814,0.9894518852233888,0.9141186475753784,1.248924732208252,0.9744471311569214,0.9391978979110718
0.0,0.8125603795051574,-0.598071038722992,0.3599666953086853,0.33236452937126154,0.6444956660270691,1.002915859222412,0.2465418130159378,-1.337652087211609,0.0,0.9457871317863462,0.05154307559132575,0.5874642729759217,1.1074360609054563,1.5307157039642332,0.29964470863342285,-0.6525685787200928,2.548224449157715,0.749693989753723,0.5908438563346863,1.4587024450302126,0.0,0.8295668959617614,0.9338672161102298,0.9871182441711424,0.5795220136642456,1.1630895137786863,0.8814030289649964,0.7986065745353697
0.0,0.40884232521057123,-0.5824874639511108,-1.6354199647903442,1.801836967468262,0.7612466812133788,1.042673349380493,1.0397160053253172,-0.6951311230659484,0.0,0.5544790029525757,-1.337521195411682,-0.7298071384429932,1.1074360609054563,0.3842594623565673,0.13124869763851166,-1.466920018196106,0.0,1.0946019887924194,0.9639485478401184,1.112992286682129,3.1019613742828365,0.9035055041313172,0.962778449058533,0.9884127974510192,0.8823772072792052,1.345844864845276,0.9878675341606142,1.0249050855636597
1.0,1.0684070587158205,0.26778724789619446,0.9819662570953368,0.2807087302207947,0.934214174747467,0.8515806794166565,0.1564309000968933,-1.064345121383667,0.0,1.1016556024551392,-0.969370663166046,0.496472179889679,2.2148721218109126,0.6842207312583923,-0.22920979559421534,1.167068600654602,1.2741122245788574,0.7526149153709412,-1.0972888469696045,-1.0285189151763916,0.0,0.9873453974723816,0.8891843557357788,0.9981008768081664,1.2828593254089355,0.6316529512405396,0.8743596673011779,0.9412744641304016
0.0,0.7399057745933532,-0.38769373297691356,-0.18390002846717837,0.2335625886917114,-1.4141312837600706,0.8954605460166931,0.21584467589855197,1.2746697664260864,2.1730761528015137,0.910030484199524,-0.19615721702575684,0.3372360169887543,2.2148721218109126,0.7655333876609802,-0.23922252655029294,-1.1457282304763794,0.0,0.4670983254909516,0.8590129017829894,-0.42643657326698303,0.0,0.6063988208770752,0.8631837368011473,0.9875333309173586,0.7154374718666076,1.0332937240600586,0.7306710481643676,0.6555652618408204
0.0,1.5870548486709595,0.7041252255439758,-0.5584341883659363,0.4649210572242737,0.822841167449951,0.7053755521774292,0.5089527368545532,-1.349848389625549,0.0,0.6145349740982056,-0.854748547077179,0.6507148742675781,0.0,1.3192675113677979,0.4662202596664429,1.1665139198303223,2.548224449157715,1.4563050270080566,0.8814990520477297,-0.02634508349001408,3.1019613742828365,0.8966203331947327,0.8392924070358275,1.1275546550750732,0.9665309786796568,0.9767707586288452,0.7237258553504945,0.6796032190322876
0.0,0.460816890001297,1.4462895393371582,1.3481746912002561,0.6912990808486938,-0.3173019587993622,1.263080358505249,0.2742682695388794,-1.1330876350402832,0.0,1.381161332130432,1.4920902252197263,0.7372682690620422,2.2148721218109126,1.241467237472534,-0.5159380435943604,0.5274588465690612,0.0,1.3280293941497803,1.19880473613739,-1.031293511390686,0.0,0.7444864511489869,0.988895833492279,0.9904208779335022,0.6423748135566713,1.121507167816162,0.7903724908828735,0.7148606181144714
1.0,0.3402138948440552,0.39732509851455683,0.8132883906364442,2.415339708328247,-0.2694621086120605,1.4000331163406372,2.1319396495819087,-1.5743703842163084,0.0,1.0653954744338987,-0.6546456217765809,0.311713844537735,0.0,1.4931325912475584,-0.6324499249458313,1.0261658430099487,2.548224449157715,0.6915197372436525,-0.4868294298648833,-0.7122191190719604,3.1019613742828365,0.8197295665740966,0.7289512157440186,1.0394169092178345,0.6555918455123901,0.7777767181396483,0.8655169010162354,0.7842275500297546
1.0,2.317261219024658,0.3534965217113495,-0.8846926689147949,0.269076406955719,-0.9257651567459106,0.544788122177124,0.4049786031246185,-0.05149869993329049,0.0,0.8795618414878845,-0.5186532139778137,0.4631823897361755,2.2148721218109126,1.886524438858032,-1.5863906145095823,1.487705588340759,0.0,0.924947142601013,0.2685412168502808,0.6862647533416748,3.1019613742828365,1.001981258392334,1.1128939390182495,0.9818455576896667,1.1410012245178223,0.39426609873771673,0.8189294338226318,1.053635597229004
1.0,0.8863130211830139,-1.4707469940185547,0.7433758378028869,0.06769094616174696,0.6030367612838744,0.7256207466125489,-0.8357794880867006,1.676591873168945,2.1730761528015137,1.0587224960327148,-1.1957005262374878,-0.10229184478521347,0.0,0.7007291913032532,-0.3320679068565369,0.39543184638023376,0.0,1.4925726652145381,0.13945360481739041,-1.135062098503113,3.1019613742828365,0.8224321007728576,1.1190824508666992,0.9783979058265686,0.7690587639808654,0.8551366329193115,0.8977501392364503,0.7813864946365356
0.0,0.7062320709228516,0.006763625890016556,-0.94961142539978,0.9370421171188354,0.680931806564331,1.085911989212036,-2.5280823707580566,-1.6941155195236204,0.0,1.7275220155715942,0.44009253382682806,-0.042925275862216956,2.2148721218109126,0.5718231201171875,-1.481711983680725,-0.9155131578445433,2.548224449157715,0.77014023065567,0.26021298766136164,1.5008757114410398,0.0,2.7823240756988525,1.549906373023987,1.1212441921234133,0.9344462752342224,1.5068413019180293,2.0871219635009766,1.6307830810546877
1.0,0.6343095302581787,-1.3207557201385498,0.4520736932754516,1.229458689689636,1.274055242538452,1.201611876487732,0.41884183883667,-0.320370614528656,1.0865380764007568,0.8144697546958924,0.30215746164321894,1.0529664754867551,1.1074360609054563,1.7319777011871333,0.5126429200172423,-1.2683247327804563,0.0,0.3828794360160828,0.876502215862274,0.8388656377792358,0.0,0.8787369728088379,0.9020120501518248,0.9866380095481871,1.4307570457458496,1.3779541254043581,1.0412752628326416,0.9777811765670776
1.0,0.8649009466171264,1.3927211761474607,0.08475549519062041,0.4391704499721527,-1.316222786903381,0.9495088458061218,0.98525333404541,0.14263533055782318,2.1730761528015137,1.3076337575912476,1.0297163724899294,1.560080885887146,0.0,3.0119059085845943,-1.163124918937683,-1.1956543922424319,0.0,1.0768332481384275,0.006201895885169505,-0.0047034784220159045,0.0,0.9434413313865662,0.849025845527649,0.9867706894874572,0.708552360534668,0.8637722730636594,0.8333104848861695,0.7370352745056152
0.0,2.2133119106292725,0.1830519735813141,1.7354679107666018,1.4441511631011963,-1.6925777196884157,1.5259929895400999,0.4990504384040833,0.10161155462265015,1.0865380764007568,1.0975008010864256,-0.5089395046234131,-0.09341456741094589,0.0,1.0510936975479124,-0.6242576837539672,-1.3470971584320066,2.548224449157715,1.0220667123794558,0.03784918040037156,0.6396521329879761,0.0,0.9354363679885862,1.0083073377609253,0.9757044911384583,0.9513056874275208,1.8191711902618408,1.4204177856445312,1.2554190158843994
1.0,1.2759394645690916,-0.4919084012508392,-0.7703911662101746,0.933810591697693,-0.416345477104187,0.6330058574676513,-0.1604426801204681,1.3461841344833374,2.1730761528015137,0.8892563581466675,0.4760333597660065,0.3089396953582764,1.1074360609054563,1.0463519096374512,-0.617885947227478,-1.2355953454971311,0.0,0.8908701539039613,1.33455491065979,0.8427500128746033,0.0,1.8084455728530884,1.207290768623352,0.9913482069969176,1.1987721920013428,0.9613877534866332,0.9932332634925842,1.0282680988311768
0.0,0.6462051272392273,-0.015637656673789024,1.260506510734558,1.7955662012100222,-1.4788506031036377,0.8417786955833435,0.0692906528711319,-0.04151988774538041,2.1730761528015137,0.5862066745758057,-0.5604223608970641,0.8748661279678344,0.0,0.40463158488273615,1.7096198797225954,1.0866320133209229,0.0,0.4972808063030243,0.7624054551124572,-0.23721155524253845,3.1019613742828365,1.1737284660339355,1.0681720972061155,0.98701012134552,0.749730110168457,0.3212895393371582,0.7999797463417052,0.7855297327041627
1.0,0.900953769683838,0.8463247418403625,0.33166879415512085,1.0917036533355713,1.346627712249756,0.6934666037559508,-0.21589556336402893,-1.4884421825408933,2.1730761528015137,0.957496166229248,0.950063705444336,-0.960061490535736,2.2148721218109126,1.001392841339111,0.22500431537628174,0.23677751421928406,0.0,0.7199983596801757,-0.4601790904998779,-0.06907320022583009,0.0,0.4614852666854858,0.9407680630683898,1.0889813899993896,1.0175651311874387,0.9387912154197692,0.8469449281692506,0.7932901978492736
1.0,1.2312852144241333,-0.6613789796829224,0.5769174695014953,1.180936574935913,-1.4768247604370115,0.7957919239997862,-0.9724312424659726,-0.4667257070541382,1.0865380764007568,0.8220239281654359,-0.8654336333274842,-1.3118237257003784,2.2148721218109126,1.601666569709778,-0.6870648264884948,1.0256111621856687,0.0,1.4655544757843015,-0.14953605830669406,-1.0279639959335327,0.0,0.8941390514373779,1.1140459775924683,1.606086730957031,1.125227928161621,0.8229247331619263,0.9433827996253966,0.8813201785087585
0.0,1.3125412464141843,-0.9993460774421692,0.6473848819732666,0.6031795144081116,0.6114561557769775,0.8893228769302368,-0.7882484793663026,-0.9263056516647338,2.1730761528015137,1.2689813375473022,-1.114105224609375,1.3581228256225584,1.1074360609054563,1.69913649559021,-1.5062886476516724,-0.8384048938751218,0.0,0.9775230884552002,-1.7502223253250122,0.20016181468963623,0.0,1.1887121200561523,1.0760245323181152,0.9937431812286378,0.8872746229171753,1.4076693058013916,1.032976746559143,0.9867421984672546
1.0,0.6324794292449951,-0.8094221949577332,0.10584022849798201,0.6835957765579224,-1.3117772340774536,1.3829026222229008,-1.1189851760864256,0.8760738968849183,2.1730761528015137,0.5609000921249389,-0.911088228225708,-1.2241605520248413,0.0,1.1157222986221311,-0.8973323106765747,-0.7446546554565427,0.0,0.8317221999168397,0.007034718990325928,-0.7571669816970826,0.0,0.7922834753990172,1.215404748916626,0.9879902601242064,0.5850342512130737,0.8700693249702453,0.792650818824768,0.7300451993942259
1.0,0.2962917387485504,-1.3227037191390991,-0.7470870614051817,1.1108229160308836,0.8847909569740294,0.6592054963111877,0.6287705302238464,-1.685799837112427,2.1730761528015137,1.300079584121704,0.258445680141449,0.2301538735628128,0.0,1.4360556602478027,-0.3329781293869018,-0.400715947151184,2.548224449157715,1.275696873664856,-1.8834741115570068,1.655696153640747,0.0,0.7021024227142333,1.1820081472396848,0.992015063762665,2.008593797683716,1.2781580686569214,1.4777605533599851,1.207258939743042
1.0,1.0171645879745483,-1.3967252969741821,1.6172825098037722,1.498672604560852,1.550864219665527,1.3780473470687866,-0.13073578476905823,-0.7927011847496032,0.0,1.0978784561157224,-0.5011684894561768,0.14249075949192047,2.2148721218109126,0.8062775731086732,0.16310742497444153,-0.42678850889205927,0.0,1.3406866788864136,-1.143926978111267,0.6868196725845336,0.0,0.9271121621131896,0.7289958000183105,0.9784285426139832,1.2226243019104006,0.8965609669685363,0.871899902820587,0.7960471510887148
0.0,2.122173309326172,0.6301036477088928,0.42488548159599293,1.6252505779266355,0.23523838818073275,1.8981932401657104,0.461421698331833,-1.2206789255142214,0.0,0.825549244880676,0.21473385393619535,1.004696249961853,2.2148721218109126,0.3765321671962738,0.815755784511566,-1.020358085632324,0.0,0.5252726078033447,-0.3477480113506317,1.691765546798706,3.1019613742828365,0.428187221288681,1.279337763786316,1.0134522914886475,0.8278030157089235,0.3952955603599548,0.7590345740318298,1.077403903007507
1.0,2.064159631729126,0.8015221357345581,1.5617961883544922,0.3106425702571869,-1.120155930519104,0.8813530206680297,1.3516384363174438,-1.0604645013809204,0.0,0.9928749799728392,0.953949213027954,-0.2082643359899521,2.2148721218109126,0.6531357169151306,1.029664158821106,0.3843370974063873,0.0,1.1822285652160642,-0.1095605418086052,0.9970155358314514,0.0,0.8622492551803587,1.1004390716552734,0.987932562828064,1.1076563596725466,0.8129143118858337,0.8835713267326355,0.8284419775009155
0.0,0.5164516568183898,-1.9411739110946653,-1.5871471166610716,0.6136298775672913,0.13356412947177887,0.9621505737304688,1.4773976802825928,0.4242580235004425,0.0,0.9155702590942384,1.382325053215027,-1.1353877782821655,1.1074360609054563,1.2196900844573977,0.7966405153274536,1.3762037754058833,2.548224449157715,1.4516801834106443,0.12529562413692472,-0.5895835161209106,0.0,1.9350423812866209,1.435458064079285,0.9917117357254028,1.5258175134658813,0.9185412526130676,1.1462435722351074,1.2384219169616701
1.0,1.0442498922348022,-1.2701094150543213,-0.20942364633083346,0.5152814984321594,0.7410222887992858,1.2976161241531372,-0.19906166195869443,-1.4402116537094116,2.1730761528015137,0.6821451783180237,0.8820675611495972,0.031524788588285446,0.0,1.2168803215026855,-0.5923990011215209,1.3207303285598757,2.548224449157715,1.0639326572418213,-0.3069396317005157,0.1801849752664566,0.0,0.7721456885337828,1.0774437189102173,0.986773133277893,1.230974555015564,1.0147266387939453,1.0216383934020994,0.9324053525924682
0.0,0.3887113034725189,-1.9859764575958248,0.5819112062454223,1.1293014287948608,-1.7003421783447266,0.7771040201187133,-0.2535243034362793,-0.5576460361480713,2.1730761528015137,0.6575939655303955,0.3536402881145477,-0.18995495140552518,0.0,0.6940555572509765,0.5781808495521547,1.2902199029922483,2.548224449157715,0.44543507695198054,1.4819647073745728,1.301107406616211,0.0,0.8747264742851258,0.8735684156417846,0.981656312942505,0.8494933247566222,1.0035073757171633,0.8149972558021545,0.8147706985473632
0.0,0.8303122520446778,2.026774883270264,-1.1338253021240232,0.940161883831024,0.2563408315181732,0.8220831751823425,1.3773844242095947,-1.448527216911316,2.1730761528015137,0.5400000810623169,-1.4968265295028684,0.44487300515174877,2.2148721218109126,0.7999551892280578,0.4944379329681396,0.8214685320854188,0.0,0.7019862532615662,-0.5243064761161804,-0.31767383217811584,0.0,0.8737025260925294,0.8228917121887206,1.16290020942688,0.950998246669769,2.232537508010864,1.562640070915222,1.239651799201965
0.0,1.054315447807312,-0.17536853253841403,0.5719237327575684,0.8738192319869996,-1.3536134958267216,0.7218648791313171,-0.5208864212036133,-1.4063947200775144,2.1730761528015137,0.9203545451164244,-1.448257803916931,-0.039041467010974884,2.2148721218109126,0.6533113718032837,-0.7043595910072328,1.3856343030929563,0.0,0.3658409416675568,-1.9117901325225832,1.1551655530929563,0.0,0.4646941125392915,0.7316169738769531,1.3120766878128052,0.8840318918228148,1.2814052104949951,0.8867806196212769,0.7289287447929382
1.0,2.735803127288819,-0.5863833427429199,-0.8663822412490844,0.33827090263366694,1.6651787757873535,0.6087299585342408,-1.1576042175292969,0.8588882684707642,0.0,0.91708105802536,-0.2068423181772232,0.535865068435669,0.0,0.6961629986763,-0.5814759731292723,1.6297178268432615,0.0,1.1352509260177612,-0.057925492525100715,0.8599522709846495,3.1019613742828365,0.9104899168014526,1.1055089235305786,1.0100268125534055,1.0058132410049438,0.6892725229263306,0.7895664572715758,0.8887755274772644
0.0,1.2984495162963867,0.768407166004181,-0.2810007333755493,0.728525698184967,-0.2405590862035752,0.950241684913635,-0.23371970653533936,-1.5122803449630735,0.0,0.6844114065170289,0.5663711428642272,-1.1475940942764282,0.0,1.5663667917251587,0.8767424225807191,0.3316372632980346,1.2741122245788574,1.7469329833984377,-0.17285510897636414,0.9587265849113464,0.0,0.9093838334083556,0.6552402973175049,0.9905915856361388,0.7821990251541138,0.765679657459259,0.9116731882095336,0.9624695181846618
0.0,0.4890002906322479,-1.007137894630432,0.037592288106679916,1.645041584968567,-0.831319808959961,0.6328226923942565,0.7248228788375854,1.0612353086471553,1.0865380764007568,0.4984519481658936,-1.065536618232727,0.9869417548179624,0.0,0.5240540504455566,0.23319655656814575,-0.19324496388435364,0.0,0.8886794447898865,-1.1164438724517822,-1.625049352645874,3.1019613742828365,0.8923488259315489,0.887052893638611,0.986577868461609,0.6688038110733032,1.1091343164443968,1.1181298494338987,0.91142338514328
1.0,0.8961955308914183,-0.90876704454422,1.1151329278945923,0.5523930191993713,-0.6067479252815247,1.0228862762451172,1.0941786766052248,-0.03264999762177467,1.0865380764007568,0.8388949632644653,0.06999917328357698,-1.0843433141708376,0.0,1.7383000850677492,0.0848260223865509,0.7976149320602418,2.548224449157715,2.1273784637451167,-0.7733206748962401,-1.2388306856155393,0.0,0.9393578767776488,1.5225589275360107,0.9880836009979248,1.3659884929656985,1.4303685426712036,1.4042104482650755,1.1523257493972776
1.0,0.38285502791404724,1.7073131799697874,-0.33815148472785944,0.4231899380683898,1.0146400928497314,0.4408139288425446,1.5338407754898074,0.755220055580139,0.0,0.6533132195472717,2.375068664550781,1.5639647245407104,0.0,1.5835775136947632,0.7474870681762694,-0.3896212577819824,2.548224449157715,0.8930608034133911,0.19941687583923334,-1.505743384361267,3.1019613742828365,0.9238736629486084,0.970224678516388,0.992558002471924,0.762091636657715,0.8130170106887818,0.8899900317192077,0.7874634861946107
1.0,1.021556735038757,1.4794045686721797,-0.9013384580612184,0.21090434491634366,-0.28617945313453674,1.0983705520629883,0.44161710143089294,-1.6846911907196045,0.0,1.5789557695388794,-0.38654643297195446,0.4787176251411437,2.2148721218109126,1.9281467199325564,0.3624518513679504,-0.7352241277694702,0.0,1.1926950216293335,0.29435873031616205,0.06642800569534302,0.0,0.9395666122436525,0.8314899206161499,0.9844358563423155,1.3447643518447878,0.9955117106437684,0.9953836798667905,0.8496370315551757
0.0,0.6921404004096984,-0.2153012454509735,-1.318594217300415,1.9676721096038816,-0.5740636587142944,0.5744688510894775,0.9347516298294068,0.5417855978012084,0.0,1.688869476318359,0.4740906059741974,1.124539494514465,2.2148721218109126,1.1775411367416382,-1.2313936948776243,-0.7884787321090698,1.2741122245788574,0.5371995568275452,0.5033973455429077,-0.8648198843002318,0.0,0.8227308392524718,0.9099091291427612,1.0062955617904663,0.8100419044494629,2.167560815811157,1.2795845270156863,1.098190426826477
1.0,1.2887500524520872,0.64276522397995,1.1750580072402954,0.7792005538940429,0.8383092284202573,0.5330623984336853,1.083286166191101,0.4220404922962189,2.1730761528015137,1.264322876930237,0.7101344466209412,-1.1720064878463743,2.2148721218109126,0.44959062337875366,1.9299000501632688,0.04927698522806169,0.0,1.0203627347946167,1.533599615097046,-0.7499530911445618,0.0,1.2152241468429565,1.1115193367004392,0.9835429191589358,0.792870044708252,1.2172737121582031,0.9126963019371032,0.8324307203292846
0.0,1.029975175857544,-0.34289115667343134,-1.2509009838104248,1.338650941848755,-0.3772925138473511,0.5469866991043091,-1.0902684926986694,1.5080617666244507,2.1730761528015137,0.7719143629074097,-0.1330179125070572,0.2845272123813629,0.0,0.5449530482292175,-1.3333414793014526,-0.984855055809021,0.0,0.9558598995208742,0.4201150834560394,0.9193278551101683,3.1019613742828365,1.150774002075195,0.9684827327728271,1.1532440185546877,0.8999127745628357,0.7848147749900819,0.7797629833221436,0.7382455468177795
0.0,0.5276151895523071,2.327731370925904,0.1896242797374725,0.5613831281661987,0.11137499660253523,0.4599598348140717,-0.0505271591246128,0.4658361673355103,0.0,1.0400887727737427,-0.0689072608947754,1.5129203796386717,2.2148721218109126,1.2151241302490234,2.032758235931397,-0.7868145704269409,0.0,0.9814175963401794,0.03618353605270386,-0.7000110149383544,1.5509806871414182,2.248124837875366,1.4157406091690063,1.002131938934326,1.12506902217865,0.8331089615821838,1.1544796228408811,0.9798713326454161
0.0,0.30599120259284973,-1.7220308780670168,0.2772923707962036,0.2645890712738037,-0.1521688848733902,0.8408626317977906,-1.2180081605911257,1.4199161529541016,2.1730761528015137,1.048776149749756,-0.9072027206420898,-1.0887820720672607,1.1074360609054563,1.152427315711975,-0.2446840107440948,-0.217099130153656,0.0,0.8752920627593994,-0.4668416678905487,0.67849600315094,0.0,0.8164727687835693,0.9793293476104739,0.9827911853790287,0.969814658164978,1.0841280221939087,0.8737618923187254,0.7738939523696899
1.0,0.31020042300224304,-1.155181050300598,-0.8752599954605103,0.464347243309021,-0.16973981261253357,1.317678213119507,0.5554935336112976,0.6327031254768372,2.1730761528015137,0.6569644808769226,-0.5740215778350829,-1.5448522567749021,0.0,0.4862954914569855,-2.19352650642395,-1.0874810218811035,0.0,0.5481529235839844,0.03701635450124741,-0.4186678230762482,3.1019613742828365,0.9662337303161618,0.7451069951057434,0.989040434360504,0.9698659777641296,0.7674391865730285,1.1519038677215576,0.9618770480155944
1.0,0.8303122520446778,0.1616246551275253,-0.6616383790969848,0.4156549274921417,0.9793195128440856,0.4789225161075591,-0.4396875202655792,-1.5449885129928589,2.1730761528015137,0.5058802366256714,1.323071241378784,1.7398457527160642,0.0,0.5848190188407898,1.2126240730285645,-0.24483536183834076,0.0,1.464580774307251,-1.0165050029754639,0.38494753837585444,3.1019613742828365,0.8146049976348878,0.9197539091110228,0.9846040010452272,1.0178982019424438,0.942236065864563,0.9481804966926574,0.8087055087089537
0.0,0.64254492521286,-0.37795406579971313,1.0574274063110352,0.6342969536781311,-0.8161959648132324,0.6842143535614013,0.8614745736122131,-1.5228135585784912,0.0,0.7591980695724486,0.04377208650112153,-0.020177308470010757,0.0,0.7564011216163635,0.8494349718093873,-0.6409191489219666,2.548224449157715,0.9892066717147828,0.7307581305503845,1.2006683349609375,3.1019613742828365,1.6299762725830078,0.9974218010902401,0.9892024993896485,0.6263401508331299,0.6587600708007812,0.6881940960884095,0.6275990605354309
0.0,0.34424009919166565,1.5563480854034426,0.34110143780708313,0.3112867772579193,-1.6905852556228635,0.9679219126701356,0.1287044435739517,-0.4345719218254089,2.1730761528015137,0.9952672123908994,1.0598289966583252,0.9786192774772644,2.2148721218109126,0.9242951273918154,1.7542221546173093,-1.094692587852478,0.0,0.9380911588668824,-0.4243676960468292,1.5852223634719846,0.0,0.8099559545516966,0.8620483875274657,0.9896422028541566,0.7834336161613464,1.5577071905136108,0.8475071787834166,0.7178717255592346
1.0,0.6193027496337891,-0.6000189185142516,-0.784262776374817,0.802389621734619,1.1413644552230835,1.0121681690216064,-0.25253406167030334,0.7391431331634521,0.0,1.245689272880554,0.4876898229122162,-0.7986060380935668,2.2148721218109126,0.7672895789146422,-0.14819763600826266,1.3096355199813843,0.0,1.1856361627578735,-0.7566641569137573,-1.4025295972824094,3.1019613742828365,0.7817812561988831,0.9750496745109558,0.9867276549339296,1.0567809343338013,1.0136599540710447,1.0018500089645384,0.8558939099311828
0.0,1.0288771390914917,-0.7539060115814209,0.8776522874832154,0.37058067321777344,-0.6909034252166748,1.050276756286621,-1.4289270639419556,0.35385236144065857,0.0,0.7895408272743226,0.05834269151091576,-1.7362684011459353,0.0,1.1132636070251467,1.256316065788269,-1.0175844430923462,2.548224449157715,1.889082908630371,0.30685108900070196,-1.01908540725708,0.0,0.9894948601722716,0.9109107851982116,0.9854502677917478,0.7221177220344543,0.6617767214775085,0.9358428120613096,0.8614800572395325
0.0,0.5814198851585388,-0.17731645703315735,0.8149530291557312,1.6789697408676147,1.625068426132202,0.6319066286087036,1.493241310119629,-0.7732980847358703,0.0,0.3947074711322784,0.8490408658981324,1.5961447954177856,0.0,1.0361659526824951,0.6792184114456177,-0.1671724021434784,1.2741122245788574,1.8004827499389648,0.8306969404220581,0.735097050666809,3.1019613742828365,0.958854854106903,1.0037604570388794,0.9846237301826476,0.9798811674118042,0.7695992588996887,0.7748581767082214,0.790951669216156
0.0,0.4674052298069,0.9417736530303956,-1.0694614648818968,1.2538176774978635,0.4162801206111908,0.8076092600822449,0.407949298620224,-0.7040011286735535,0.0,1.3129216432571411,0.8801248073577882,1.581719160079956,1.1074360609054563,0.7154813408851624,0.26141425967216486,1.2957671880722046,0.0,0.7793896794319153,1.2104642391204834,0.08085571229457855,0.0,0.8911195397377014,0.8523149490356444,1.0323127508163454,0.9578885436058046,1.3269696235656738,0.8615848422050477,0.7285122275352479
0.0,1.3123581409454343,-1.83695924282074,1.1334433555603027,0.5088133811950684,-1.0118632316589355,1.1643277406692507,-1.0457081794738767,-0.5975610613822936,2.1730761528015137,1.3075077533721922,-0.856691300868988,1.5245717763900755,2.2148721218109126,0.860720157623291,-0.9856263995170594,0.6228732466697692,0.0,1.0444600582122803,-0.9290586709976194,-0.071293406188488,0.0,0.6126750111579895,0.9890071749687194,1.0589232444763184,1.2054574489593501,1.7177159786224363,1.0509477853775024,0.8916400074958802
0.0,1.176931381225586,-0.1422535926103592,1.293798327445984,1.5382596254348755,-1.3363028764724734,0.5750185251235962,0.08612456172704697,0.3194810748100281,0.0,0.6286361813545228,-0.9373152852058408,-0.2348961681127548,0.0,0.9831282496452334,0.7638715505599974,0.7776444554328918,2.548224449157715,1.7384138107299805,0.1086391434073448,-0.9297446012496948,3.1019613742828365,0.93218994140625,0.978616952896118,1.301010489463806,1.038830280303955,1.062108278274536,0.833120107650757,0.8640883564949036
0.0,1.6807554960250854,0.6963334679603576,-0.012447935529053213,0.4273937940597535,1.1150572299957275,1.2692179679870603,-0.4693944156169891,-1.7057573795318604,2.1730761528015137,0.8674750924110413,-0.7391550540924072,-1.3356813192367551,0.0,2.816615104675293,0.7147181630134583,0.4819705188274384,2.548224449157715,2.022226572036743,-0.7633267641067505,-0.896449863910675,0.0,0.6790682077407836,0.9837759137153624,0.9983600378036498,0.7652217745780943,2.6841602325439453,1.6809276342391966,1.4165191650390625
0.0,0.4229340255260468,-2.2051193714141846,0.6329584717750548,1.0409892797470093,0.7068172693252563,0.958944320678711,-1.03679621219635,-1.2384189367294312,0.0,1.0800001621246336,0.03114422969520092,0.4054800868034362,2.2148721218109126,1.0674264430999756,-1.2896496057510376,-0.7601872086524964,0.0,0.7019862532615662,0.21107640862464902,-1.6566795110702517,3.1019613742828365,0.8327096700668337,0.8369995355606079,0.9881622195243838,0.8135050535202025,0.7587465643882751,0.9760740995407104,0.9018895030021667
0.0,1.08341383934021,0.04377444088459015,-0.5306883454322815,0.7930163741111756,-0.1642668843269348,0.6200892925262451,-1.4081324338912962,1.245842218399048,1.0865380764007568,0.8095595240592957,0.5430581569671631,-1.5614970922470093,0.0,1.0382733345031738,-0.07719825208187103,0.490291565656662,2.548224449157715,0.6535481810569764,-0.36190599203109747,-1.4208416938781736,0.0,0.505059778690338,1.0609039068222046,0.9907389879226686,0.8172908425331116,0.9561415314674376,1.0376911163330078,0.9097829461097716
0.0,0.5821518898010254,1.202797293663025,-0.1339625120162964,0.8554919362068175,1.4444142580032349,0.3579093813896179,1.7853591442108154,-0.013246970251202583,0.0,0.677612602710724,0.4721478819847107,0.43599575757980347,2.2148721218109126,0.8428068161010742,-0.05262152850627899,-1.271098494529724,2.548224449157715,0.674481213092804,2.09408974647522,-1.3792234659194946,0.0,0.7581278681755067,1.027340292930603,0.9883009791374207,0.7220665216445924,0.8325558900833129,0.7593498826026917,0.6782521605491638
0.0,0.605211079120636,2.0306708812713623,0.06810966134071349,0.8799420595169068,-0.2833001017570496,0.3285950720310211,-0.3139283359050751,-0.6901417970657349,0.0,0.44456526637077326,-1.6240764856338499,-1.6707986593246462,0.0,1.6564604043960574,0.04841607436537743,1.7001692056655884,2.548224449157715,1.0848656892776487,0.5300477147102355,0.6207851767539978,0.0,0.9567292928695678,0.9621161818504332,0.9737073183059693,0.5984203815460205,0.510476291179657,0.7718898057937623,0.6920289397239685
1.0,0.9265750646591184,0.733344316482544,-1.0833330154418943,0.7419842481613158,1.307139039039612,0.9144232273101806,0.1633625030517578,0.905455768108368,2.1730761528015137,1.1827374696731567,0.9937756061553954,-1.5326459407806399,2.2148721218109126,1.0844618082046509,-1.6355440616607668,-0.3352571725845337,0.0,0.9242169857025144,-0.05209573358297348,0.13967639207839966,0.0,1.175085425376892,1.4652262926101685,0.9864144325256348,0.6593623161315918,1.411651372909546,1.408294200897217,1.1469194889068606
1.0,0.9812947511672973,1.0674155950546265,-0.18500974774360654,0.3128982782363892,-0.6890774369239807,1.1819163560867307,0.35051596164703364,-0.575386106967926,0.0,1.6115647554397583,-1.3452922105789185,1.6077963113784792,0.0,1.9592316150665283,0.5272068977355956,0.8242421746253966,2.548224449157715,0.7080714106559755,-0.6842085719108582,0.7994669079780578,0.0,0.9347989559173588,0.8864350914955139,0.98856383562088,0.6229231953620911,0.8309046030044556,0.7033454775810241,0.6335293650627136
0.0,0.3995088338851929,-1.4035431146621704,-1.3202587366104126,2.6442759037017822,-0.5452178120613098,1.3489162921905515,-0.9258904457092284,1.3567173480987549,1.0865380764007568,0.4360038340091705,-2.3788337707519527,1.7254201173782349,0.0,0.7818661928176881,-0.3657470941543579,0.0964294821023941,2.548224449157715,1.0953321456909182,0.5517011284828186,0.4343346953392029,0.0,2.1988294124603267,1.3116770982742307,0.9869413375854492,1.827207446098328,1.2110952138900757,1.2743346691131594,1.2639263868331907
1.0,0.6725584268569946,1.681015968322754,-0.5994939208030701,0.9919139146804808,1.4746285676956177,0.738903820514679,0.08414410799741746,-0.595343589782715,1.0865380764007568,0.5119236111640929,1.9272656440734863,1.3475810289382937,0.0,0.7820417881011962,0.868550181388855,0.594027042388916,2.548224449157715,0.7793896794319153,1.5527546405792236,0.8549580574035645,0.0,0.3569157719612121,1.2408378124237058,1.0815396308898924,0.7386903166770934,0.9337741136550904,0.8303658962249756,0.749222457408905
0.0,0.9318822622299194,-1.8145579099655151,0.7189619541168212,0.652885377407074,0.1872642636299133,0.6722137331962585,-0.70110821723938,-1.2944109439849854,2.1730761528015137,0.8590396046638488,-0.8197790980339049,1.6233314275741575,2.2148721218109126,0.6195920705795288,-0.97561377286911,0.34384146332740784,0.0,1.285920023918152,0.009533188305795193,-0.31711888313293457,0.0,0.7862855195999146,0.9589384198188782,0.996021568775177,0.9858441948890688,0.5525603294372559,0.7485023736953734,0.7291555404663086
1.0,0.9529283642768858,1.6216038465499876,-0.784262776374817,0.2302881628274918,1.268055558204651,0.4239581823348999,0.4663728475570679,-1.7024312019348145,2.1730761528015137,0.2992726266384125,0.8946954011917114,-0.10894980281591417,0.0,0.551275372505188,1.4593015909194946,1.5892221927642824,0.0,0.881620705127716,-0.023779740557074543,0.17907515168190002,3.1019613742828365,0.6590581536293029,0.617675244808197,0.9911811351776126,0.6590139865875244,0.6623265743255615,0.5659000277519226,0.5036274790763856
